term,edf,ref.df,statistic,p.value
s(exp_centered),1.0000000326101428,1.0000000326101428,7.155932160792435,.008
s(age_centered),2.3655807482790645,2.3655807482790645,14.235212436633294,< .001
