term,edf,ref.df,statistic,p.value
s(exp_centered),1.0000000325604192,1.0000000325604192,7.155932111921852,.008
s(age_centered),2.3655807865518703,2.3655807865518703,14.235212237640207,< .001
