term,edf,ref.df,statistic,p.value
s(age_centered),2.690024927023315,2.690024927023315,12.758604380529576,< .001
