term,edf,ref.df,statistic,p.value
s(exp_centered),1.0000000565764073,1.0000000565764073,6.523917865408776,.011
