effect,group,term,estimate,std.error,statistic,df,p.value
fixed,NA,(Intercept),0.6546646400971667,0.014787205905143323,44.27236925601068,235.70509849078138,< .001
fixed,NA,poly1,0.16825994743205233,0.010803898440643368,15.57400306532616,35879.45153253013,< .001
fixed,NA,age_centered,0.0059442789002575325,0.001233331476616749,4.819692850590146,367.7665014890575,< .001
fixed,NA,poly2,-0.3202828524280748,0.010786094741992144,-29.694051469913195,35855.14428536807,< .001
fixed,NA,poly1:age_centered,-0.0010455700437756897,0.0011746655930483093,-0.8901001697533244,35919.518896022506,.373
fixed,NA,age_centered:poly2,-0.011450394089483448,0.0011687951627660548,-9.79675006729588,35861.70157591225,< .001
ran_pars,media_name,sd__(Intercept),0.11830550845261609,NA,NA,NA,  NA
ran_pars,subject_id,sd__(Intercept),0.09788410814559113,NA,NA,NA,  NA
ran_pars,Residual,sd__Observation,0.43175731789473243,NA,NA,NA,  NA
