effect,group,term,estimate,std.error,statistic,df,p.value
fixed,NA,(Intercept),0.6546646400135083,0.014787205857884048,44.27236939184578,235.7051045263741,< .001
fixed,NA,poly1,0.16825994743145223,0.010803898440762986,15.574003065098184,35879.4515330137,< .001
fixed,NA,age_centered,0.005944278918232706,0.001233331475071134,4.819692871204687,367.7665069515743,< .001
fixed,NA,poly2,-0.320282852428357,0.0107860947421076,-29.69405146962151,35855.14428738788,< .001
fixed,NA,poly1:age_centered,-0.0010455700440524702,0.0011746655930582521,-0.8901001699814153,35919.51889545827,.373
fixed,NA,age_centered:poly2,-0.011450394089828387,0.0011687951627770779,-9.79675006749861,35861.701574761064,< .001
ran_pars,media_name,sd__(Intercept),0.11830550760733373,NA,NA,NA,
ran_pars,subject_id,sd__(Intercept),0.09788410859817107,NA,NA,NA,
ran_pars,Residual,sd__Observation,0.4317573178993154,NA,NA,NA,
