effect,group,term,estimate,std.error,statistic,p.value
fixed,NA,(Intercept),0.754259071345711,0.06890781398746891,10.9459149507032,< .001
fixed,NA,exp_centered,0.9590499130344726,0.22916472845381802,4.18498047018498,< .001
fixed,NA,age_centered,0.04222810638611283,0.006824656373323969,6.187579868661652,< .001
ran_pars,media_name,sd__(Intercept),0.3694408649916974,NA,NA,  NA
ran_pars,subject_id,sd__(Intercept),2.2457196433210424e-7,NA,NA,  NA
