effect,group,term,estimate,std.error,statistic,p.value
fixed,NA,(Intercept),0.7543216329280789,0.06897647793877237,10.935925629569832,< .001
fixed,NA,exp_centered,0.9592041098084508,0.22925511915976773,4.184003015173599,< .001
fixed,NA,age_centered,0.0420910197530812,0.006868803919201635,6.127852861750269,< .001
fixed,NA,exp_centered:age_centered,-0.005897649898961265,0.03266685363932648,-0.18053926968532075,.857
ran_pars,media_name,sd__(Intercept),0.3701129032170986,NA,NA,  NA
ran_pars,subject_id,sd__(Intercept),0,NA,NA,  NA
