effect,group,term,estimate,std.error,statistic,p.value
fixed,NA,(Intercept),0.754259210136303,0.06890806423417954,10.94587721363065,< .001
fixed,NA,exp_centered,0.9590456808196296,0.22916944596558295,4.184875853667076,< .001
fixed,NA,age_centered,0.04222806379355067,0.006824658875420313,6.187571359154557,< .001
ran_pars,media_name,sd__(Intercept),0.36944129918113056,NA,NA,
ran_pars,subject_id,sd__(Intercept),0,NA,NA,
